Product,Aug 2012,Sep 2012,Oct 2012,Nov 2012,Dec 2012,Jan 2013,Feb 2013,Mar 2013,Apr 2013,May 2013,Jun 2013,Jul 2013,Aug 2013,Sep 2013,Oct 2013,Nov 2013,Dec 2013,Jan 2014,Feb 2014,Mar 2014,Apr 2014,May 2014,Jun 2014,Jul 2014,Aug 2014,Sep 2014,Oct 2014,Nov 2014,Dec 2014,Jan 2015,Feb 2015,Mar 2015,Apr 2015,May 2015,Jun 2015,Jul 2015,Revenue
CHICKENBREASTS1KG,15.0,41.0,46.0,33.0,9.0,26.0,39.0,55.0,32.0,47.0,45.0,20.0,33.0,40.0,35.0,38.0,28.0,33.0,32.0,36.0,45.0,36.0,69.0,51.0,75.0,85.0,78.0,85.0,63.0,25.0,0.0,0.0,0.0,0.0,0.0,0.0,65663.36
QUINOAWHITEORGANIC454G,0.0,0.0,0.0,0.0,3.0,17.0,26.0,22.0,18.0,16.0,0.0,0.0,0.0,63.0,38.0,78.0,14.0,12.0,1.0,37.0,36.0,57.0,15.0,33.0,31.0,126.0,72.0,70.0,58.0,9.0,0.0,0.0,0.0,4.0,9.0,7.0,64389.46
WHOLECHICKEN1KG,25.0,20.0,12.0,44.0,5.0,45.0,72.0,35.0,52.0,79.0,35.0,48.0,19.0,93.0,35.0,57.0,83.0,64.0,61.0,40.0,48.0,42.0,65.0,35.0,50.0,56.0,60.0,52.0,45.0,10.0,0.0,0.0,0.0,0.0,0.0,0.0,43869.32
COCONUTOILORGANICFORCOOKING,0.0,0.0,0.0,0.0,0.0,0.0,0.0,0.0,0.0,0.0,0.0,0.0,0.0,0.0,0.0,0.0,0.0,0.0,0.0,0.0,0.0,0.0,0.0,0.0,8.0,15.0,17.0,22.0,24.0,2.0,0.0,0.0,6.0,3.0,18.0,15.0,37240.905155
DRIEDCRANBERRY200G,0.0,0.0,0.0,0.0,1.0,4.0,6.0,2.0,4.0,4.0,10.0,4.0,1.0,7.25,19.0,7.0,6.0,4.0,5.0,7.0,15.0,4.0,6.0,3.0,6.0,16.0,30.0,9.0,19.0,0.0,0.0,0.0,1.0,22.0,12.0,2.0,19416.837
CHICKENBREAST,0.0,0.0,0.0,0.0,0.0,0.0,0.0,0.0,0.0,0.0,0.0,0.0,0.0,5.0,0.0,0.0,0.0,0.0,0.0,0.0,0.0,0.0,0.0,0.0,0.0,0.0,0.0,0.0,0.0,0.0,0.0,0.0,1.0,196.0,67.0,28.0,16933.17735
VEALESCALOPEBIFTEK1KG,0.0,5.0,5.0,10.0,6.0,4.0,9.0,8.0,6.0,7.0,12.0,5.0,5.0,19.0,8.0,3.0,8.0,12.0,4.0,4.0,8.0,8.0,0.0,0.0,0.0,0.0,0.0,0.0,0.0,0.0,0.0,0.0,0.0,0.0,0.0,0.0,16182.9
HUROMSLOWJUICER,0.0,0.0,0.0,0.0,0.0,0.0,0.0,0.0,0.0,0.0,0.0,0.0,0.0,0.0,0.0,0.0,0.0,0.0,0.0,0.0,0.0,0.0,0.0,0.0,0.0,0.0,0.0,0.0,2.0,1.0,0.0,0.0,0.0,2.0,0.0,0.0,14800.0
BEEFMINCE1KG,8.0,5.0,4.0,10.0,3.0,16.0,11.0,15.0,11.0,15.0,16.0,7.0,1.0,11.0,5.0,6.0,9.0,7.0,9.0,5.0,9.0,7.0,0.0,0.0,0.0,0.0,0.0,4.0,0.0,0.0,0.0,0.0,0.0,0.0,0.0,0.0,13906.12
BEEFCUBESCHEMICALFREEFROZEN,0.0,0.0,0.0,0.0,0.0,0.0,0.0,0.0,0.0,0.0,0.0,0.0,0.0,0.0,0.0,0.0,0.0,0.0,0.0,0.0,0.0,0.0,15.0,20.0,15.0,10.0,21.0,43.0,23.0,6.0,0.0,0.0,3.0,43.0,47.0,7.0,13815.175097
AVOCADO,8.0,5.0,8.0,11.0,9.0,23.0,21.0,30.0,17.0,36.0,32.0,8.0,12.0,23.0,13.0,19.0,8.0,9.0,7.0,9.0,14.0,12.0,0.0,0.0,0.0,0.0,0.0,0.0,0.0,0.0,0.0,0.0,0.0,0.0,0.0,0.0,13411.805673
BEEFMINCECHEMICALFREEFROZEN,0.0,0.0,0.0,0.0,0.0,0.0,0.0,0.0,0.0,0.0,0.0,0.0,0.0,0.0,0.0,0.0,0.0,0.0,0.0,0.0,0.0,2.0,11.0,28.0,45.0,39.0,37.0,64.0,10.0,4.0,0.0,0.0,0.0,4.0,24.0,1.0,13149.0
BENCHPRESSOATSWITHAPPLEANDCINNAMONWITHWHEYPROTEIN,0.0,0.0,0.0,0.0,0.0,0.0,0.0,0.0,0.0,0.0,0.0,0.0,0.0,0.0,0.0,0.0,0.0,0.0,0.0,0.0,0.0,16.0,14.0,6.0,4.0,7.0,3.0,0.0,0.0,0.0,0.0,0.0,4.0,190.0,293.0,103.0,12820.959594
UNSWEETENEDALMONDMILK,0.0,0.0,0.0,0.0,0.0,0.0,0.0,0.0,0.0,0.0,0.0,0.0,0.0,0.0,0.0,0.0,0.0,0.0,0.0,0.0,0.0,0.0,0.0,0.0,0.0,27.0,67.0,30.0,10.0,1.0,0.0,0.0,2.0,105.0,102.0,24.0,12476.95
CHIASEEDSORGANIC,0.0,0.0,0.0,0.0,0.0,0.0,0.0,0.0,0.0,0.0,0.0,0.0,0.0,0.0,0.0,0.0,0.0,0.0,0.0,0.0,0.0,0.0,0.0,0.0,0.0,0.0,0.0,0.0,3.0,5.0,0.0,0.0,0.0,66.0,62.0,7.0,11843.056
BEEFMINCENOFATCHEMICALFREEFROZEN,0.0,0.0,0.0,0.0,0.0,0.0,0.0,0.0,0.0,0.0,0.0,0.0,0.0,0.0,0.0,0.0,0.0,0.0,0.0,0.0,0.0,0.0,0.0,0.0,0.0,0.0,0.0,0.0,0.0,0.0,0.0,0.0,0.0,98.0,58.0,42.0,11765.130653
PUREOATSGLUTENFREE,0.0,0.0,0.0,0.0,0.0,0.0,0.0,0.0,0.0,0.0,0.0,0.0,0.0,0.0,0.0,0.0,0.0,0.0,0.0,0.0,0.0,25.0,14.0,8.0,0.0,0.0,0.0,0.0,0.0,0.0,0.0,0.0,9.0,158.0,61.0,9.0,11657.114
MUESLIWITHQUINOAAMARANTHAPPLESEEDSANDNUTSGLUTENFREE,0.0,0.0,0.0,0.0,0.0,0.0,0.0,0.0,0.0,0.0,0.0,0.0,0.0,0.0,0.0,0.0,0.0,0.0,0.0,0.0,0.0,7.0,5.0,3.0,3.0,12.0,5.0,0.0,0.0,0.0,0.0,0.0,0.0,61.0,89.0,42.0,11508.184745
RAWPECAN250G,2.0,7.0,2.0,8.0,2.0,4.0,9.0,7.0,11.0,6.0,6.0,6.0,0.0,5.0,1.0,11.0,5.0,2.0,1.0,2.0,2.0,4.0,1.0,1.0,5.0,16.0,8.0,8.0,10.0,1.0,0.0,0.0,0.0,5.0,9.0,6.0,10798.77
MUESLIWITHMIXEDBERRIESOATFLAKESANDSEEDSORGANIC,0.0,0.0,0.0,0.0,0.0,0.0,0.0,0.0,0.0,0.0,0.0,0.0,0.0,0.0,0.0,0.0,0.0,0.0,0.0,0.0,0.0,0.0,0.0,0.0,0.0,0.0,0.0,0.0,0.0,0.0,0.0,0.0,2.0,66.0,107.0,38.0,10616.074745
QUINOAWHITEORGANIC,0.0,0.0,0.0,0.0,0.0,0.0,0.0,0.0,0.0,0.0,0.0,0.0,0.0,0.0,0.0,0.0,0.0,0.0,0.0,0.0,0.0,0.0,10.0,1.0,80.0,26.0,25.0,0.0,7.0,0.0,0.0,0.0,0.0,0.0,0.0,0.0,10419.41
BEEFESCALOPECHEMICALFREEFROZEN,0.0,0.0,0.0,0.0,0.0,0.0,0.0,0.0,0.0,0.0,0.0,0.0,0.0,0.0,0.0,0.0,0.0,0.0,0.0,0.0,0.0,1.0,11.0,8.0,13.0,2.0,19.0,34.0,7.0,17.0,0.0,0.0,0.0,42.0,27.0,7.0,10398.8
WHOLECHICKEN,0.0,0.0,0.0,0.0,0.0,0.0,0.0,0.0,0.0,0.0,0.0,0.0,0.0,0.0,0.0,0.0,0.0,0.0,0.0,0.0,0.0,0.0,0.0,0.0,0.0,0.0,0.0,0.0,0.0,0.0,0.0,0.0,0.0,146.0,76.0,28.0,10369.5
GRANOLAWITHFRUITSANDSEEDSGLUTENFREE,0.0,0.0,0.0,0.0,0.0,0.0,0.0,0.0,0.0,0.0,0.0,0.0,0.0,0.0,0.0,0.0,0.0,0.0,0.0,0.0,0.0,14.0,6.0,6.0,11.0,1.0,0.0,0.0,0.0,0.0,0.0,0.0,2.0,210.0,6.0,0.0,10289.944
SALMONSTEAK,0.0,0.0,0.0,0.0,0.0,0.0,0.0,0.0,0.0,0.0,0.0,0.0,0.0,0.0,0.0,0.0,0.0,0.0,0.0,0.0,5.0,0.0,0.0,0.0,0.0,0.0,0.0,19.0,25.0,6.0,0.0,0.0,8.0,49.0,26.0,22.0,9804.2
AVOCADOESIMPORTED,0.0,0.0,0.0,0.0,0.0,0.0,0.0,0.0,0.0,0.0,0.0,0.0,0.0,0.0,0.0,0.0,0.0,0.0,0.0,0.0,0.0,9.0,22.0,25.0,48.0,54.0,56.0,73.0,46.0,8.0,0.0,0.0,0.0,0.0,0.0,0.0,9742.3
SKINNYOATSWITHBERRIESANDGREENTEAEXTRACTFORWEIGHTLOSS,0.0,0.0,0.0,0.0,0.0,0.0,0.0,0.0,0.0,0.0,0.0,0.0,0.0,0.0,0.0,0.0,0.0,0.0,0.0,0.0,0.0,6.0,24.0,21.0,11.0,3.0,0.0,0.0,0.0,0.0,0.0,0.0,8.0,88.0,251.0,113.0,9667.425863
ALMONDMILKORGANIC946ML,0.0,0.0,0.0,0.0,3.0,40.0,20.0,40.0,41.0,46.0,9.0,0.0,0.0,57.0,30.0,0.0,0.0,2.0,0.0,0.0,0.0,0.0,0.0,0.0,0.0,3.0,0.0,0.0,0.0,0.0,0.0,0.0,0.0,3.0,0.0,0.0,9520.84
BEEFCUTLETS1KG,2.0,2.0,2.0,4.0,8.0,12.0,8.0,7.0,2.0,7.0,8.0,4.0,1.0,5.0,3.0,2.0,8.0,8.0,5.0,17.0,6.0,2.0,0.0,0.0,0.0,0.0,0.0,0.0,0.0,0.0,0.0,0.0,0.0,0.0,0.0,0.0,9451.62
KALEDEFAULT,0.0,0.0,0.0,0.0,0.0,0.0,0.0,0.0,0.0,0.0,0.0,0.0,0.0,0.0,0.0,0.0,0.0,0.0,0.0,0.0,14.0,64.0,52.0,50.0,89.0,42.0,53.0,45.0,59.0,8.0,0.0,0.0,0.0,0.0,0.0,0.0,9203.0
BALADYEGGSCHEMICALFREE,0.0,0.0,0.0,0.0,0.0,0.0,0.0,0.0,0.0,0.0,0.0,0.0,0.0,0.0,0.0,0.0,0.0,0.0,2.0,17.0,34.0,42.0,39.0,36.0,23.0,10.0,5.0,17.0,6.0,5.0,0.0,0.0,0.0,15.0,0.0,0.0,9095.8
BROWNRICEPENNEAMERICANGLUTENFREEORGANIC340G,0.0,0.0,0.0,0.0,0.0,10.0,6.0,7.0,6.0,7.0,6.0,1.0,0.0,12.0,8.0,4.0,5.0,5.0,4.0,2.0,4.0,11.0,6.0,0.0,0.0,19.0,29.0,11.0,12.0,4.0,0.0,0.0,0.0,10.0,0.0,3.0,8981.149999999998
BALADYWHOLECHICKENCHEMICALFREE,0.0,0.0,0.0,0.0,0.0,0.0,0.0,0.0,0.0,0.0,0.0,0.0,0.0,0.0,0.0,0.0,0.0,0.0,0.0,0.0,0.0,0.0,0.0,0.0,0.0,0.0,10.0,30.0,23.0,11.0,0.0,0.0,0.0,120.0,0.0,0.0,8894.799999999997
GOJIBERRIES,0.0,0.0,0.0,0.0,0.0,0.0,0.0,0.0,0.0,0.0,0.0,0.0,0.0,0.0,0.0,0.0,0.0,0.0,0.0,0.0,1.0,14.0,7.0,10.0,7.0,6.0,0.0,0.0,0.0,0.0,0.0,0.0,3.0,36.0,66.0,7.0,8851.171959000003
TOPSIDESTEAKCHEMICALFREEFROZEN,0.0,0.0,0.0,0.0,0.0,0.0,0.0,0.0,0.0,0.0,0.0,0.0,0.0,0.0,0.0,0.0,0.0,0.0,0.0,0.0,0.0,0.0,6.0,5.0,10.0,7.0,12.0,12.0,19.0,2.0,0.0,0.0,0.0,47.0,19.0,11.0,8202.0
MUESLIWITHBRANBERRYANDSTRAWBERRIESORGANIC,0.0,0.0,0.0,0.0,0.0,0.0,0.0,0.0,0.0,0.0,0.0,0.0,0.0,0.0,0.0,0.0,0.0,0.0,0.0,0.0,1.0,10.0,3.0,1.0,7.0,6.0,3.0,0.0,0.0,0.0,0.0,0.0,0.0,62.0,109.0,43.0,7615.186414
OATMILKORGANIC946ML,0.0,0.0,0.0,0.0,0.0,25.0,13.0,18.0,23.0,21.0,22.0,1.0,4.0,22.0,26.0,12.0,6.0,1.0,0.0,0.0,7.0,28.0,0.0,0.0,0.0,0.0,0.0,0.0,0.0,0.0,0.0,0.0,0.0,0.0,0.0,0.0,7588.75
CHIASEEDS,0.0,0.0,0.0,0.0,0.0,0.0,0.0,0.0,0.0,0.0,0.0,0.0,0.0,0.0,0.0,0.0,0.0,0.0,0.0,0.0,0.0,0.0,9.0,8.0,7.0,12.0,4.0,12.0,5.0,0.0,0.0,0.0,0.0,0.0,0.0,0.0,7483.467499999998
BEEFSTRIPSCHEMICALFREEFROZEN,0.0,0.0,0.0,0.0,0.0,0.0,0.0,0.0,0.0,0.0,0.0,0.0,0.0,0.0,0.0,0.0,0.0,0.0,0.0,0.0,0.0,2.0,5.0,9.0,7.0,12.0,7.0,22.0,13.0,6.0,0.0,0.0,0.0,31.0,20.0,6.0,7374.781323
RAWCASHEWNUT250G,3.0,4.0,4.0,17.0,2.0,9.0,15.0,6.0,8.0,12.0,11.0,11.0,2.0,10.0,5.0,13.0,4.0,5.0,4.0,4.0,2.0,3.0,4.0,2.0,8.0,15.0,12.0,10.0,9.0,2.0,0.0,0.0,0.0,0.0,0.0,0.0,7251.6
CHICKENCUTLETSSHISHTAWOOK1KG,0.0,1.0,28.0,5.0,0.0,4.0,7.0,10.0,6.0,5.0,8.0,3.0,0.0,6.0,2.0,2.0,1.0,1.0,4.0,2.0,3.0,3.0,13.0,7.0,5.0,3.0,8.0,7.0,7.0,7.0,0.0,0.0,0.0,0.0,0.0,0.0,7008.5
BROWNRICESPAGHETTIAMERICANGLUTENFREEORGANIC284G,0.0,0.0,0.0,0.0,1.0,2.0,6.0,6.0,4.0,6.0,5.0,1.0,0.0,2.0,6.0,4.0,2.0,7.0,3.0,2.0,4.0,12.0,11.0,0.0,0.0,5.0,8.0,18.0,9.0,3.0,0.0,0.0,0.0,7.0,10.0,5.0,6959.65
MAPLESYRUPORGANIC,0.0,0.0,0.0,0.0,0.0,0.0,0.0,0.0,0.0,0.0,0.0,0.0,0.0,0.0,0.0,0.0,0.0,0.0,0.0,0.0,0.0,0.0,0.0,0.0,0.0,0.0,0.0,0.0,0.0,0.0,0.0,0.0,2.0,46.0,20.0,3.0,6879.098412
WHEYPROTEIN340G,0.0,0.0,0.0,0.0,1.0,3.0,1.0,1.0,3.0,5.0,1.0,2.0,0.0,1.0,5.0,3.0,1.0,1.0,4.0,1.0,1.0,0.0,0.0,0.0,0.0,4.0,2.0,6.0,4.0,0.0,0.0,0.0,0.0,0.0,0.0,0.0,6597.85
APPLECIDERVINEGARORGANIC473G,0.0,0.0,0.0,0.0,1.0,6.0,1.0,7.0,4.0,3.0,6.0,0.0,0.0,0.0,6.0,6.0,1.0,9.0,3.0,0.0,0.0,12.0,7.0,8.0,5.0,9.0,31.0,25.0,23.0,3.0,0.0,0.0,0.0,0.0,0.0,0.0,6313.1
HAMBURGERCHEMICALFREEFROZEN,0.0,0.0,0.0,0.0,0.0,0.0,0.0,0.0,0.0,0.0,0.0,0.0,0.0,0.0,0.0,0.0,0.0,0.0,0.0,0.0,0.0,0.0,12.0,15.0,13.0,20.0,21.0,32.0,14.0,9.0,0.0,0.0,0.0,1.0,0.0,5.0,6250.0
VEALCUTLETSKABBAB7ALA1KG,1.0,0.0,3.0,10.0,4.0,4.0,4.0,3.0,0.0,1.0,1.0,4.0,3.0,1.0,0.0,6.0,2.0,2.0,2.0,0.0,2.0,7.0,0.0,0.0,0.0,0.0,0.0,0.0,0.0,0.0,0.0,0.0,0.0,0.0,0.0,0.0,6211.0
BASMATIBROWNRICEORGANIC907G,0.0,0.0,0.0,0.0,1.0,3.0,6.0,2.0,4.0,7.0,3.0,0.0,1.0,8.0,6.0,5.0,8.0,2.0,0.0,1.0,0.0,12.0,8.0,6.0,10.0,10.0,12.0,7.0,12.0,3.0,0.0,0.0,0.0,0.0,0.0,11.0,6162.3
COCONUTOILSMALLGLASSJAR,0.0,0.0,0.0,0.0,0.0,0.0,0.0,0.0,0.0,0.0,0.0,0.0,0.0,0.0,0.0,0.0,0.0,0.0,0.0,0.0,0.0,0.0,0.0,0.0,0.0,3.0,8.0,22.0,3.0,0.0,0.0,0.0,0.0,4.0,11.0,3.0,6113.1
BEEFESCALOPE1KG,1.0,7.0,4.0,4.0,2.0,6.0,3.0,4.0,1.0,5.0,4.0,0.0,1.0,3.0,3.0,3.0,4.0,6.0,4.0,1.0,3.0,1.0,0.0,0.0,1.0,0.0,0.0,3.0,0.0,0.0,0.0,0.0,0.0,0.0,0.0,0.0,6056.0
VEALPICATTA1KG,0.0,2.0,2.0,4.0,2.0,1.0,8.0,4.0,1.0,5.0,2.0,7.0,0.0,1.0,1.0,2.0,2.0,1.0,2.0,2.0,3.0,6.0,0.0,0.0,0.0,0.0,0.0,0.0,0.0,0.0,0.0,0.0,0.0,0.0,0.0,0.0,6015.6
BROWNRICEEGYPTIAN750G,0.0,0.0,0.0,0.0,0.0,20.0,14.0,16.0,7.0,20.0,19.0,8.0,4.0,10.0,3.0,8.0,3.0,9.0,17.0,13.0,12.0,7.0,28.0,36.0,50.0,52.0,63.0,75.0,75.0,24.0,0.0,0.0,0.0,0.0,0.0,0.0,5771.35
WHOLECHICKENCHEMICALFREE,0.0,0.0,0.0,0.0,0.0,0.0,0.0,0.0,0.0,0.0,0.0,0.0,0.0,0.0,0.0,0.0,0.0,0.0,0.0,0.0,0.0,0.0,0.0,0.0,0.0,0.0,41.0,7.0,62.0,3.0,0.0,0.0,0.0,2.0,0.0,0.0,5581.9
YELLOWCARROTCHEMICALFREE,0.0,0.0,0.0,0.0,0.0,0.0,0.0,0.0,0.0,0.0,0.0,0.0,0.0,0.0,0.0,0.0,0.0,0.0,0.0,0.0,0.0,14.0,19.0,30.0,32.0,45.0,62.0,61.0,35.0,17.0,0.0,0.0,1.0,86.0,14.0,0.0,5499.0
DUCKCHEMICALFREE,0.0,0.0,0.0,0.0,0.0,0.0,0.0,0.0,0.0,0.0,0.0,0.0,0.0,0.0,0.0,0.0,0.0,0.0,0.0,0.0,0.0,0.0,0.0,0.0,0.0,0.0,0.0,3.0,8.0,2.0,0.0,0.0,0.0,13.0,6.0,4.0,5251.81
MUSHROOM,0.0,0.0,0.0,0.0,1.0,16.0,19.0,35.0,16.0,19.0,16.0,13.0,10.0,15.0,12.0,10.0,9.0,16.0,11.0,14.0,11.0,1.0,23.0,14.0,21.0,37.0,17.0,0.0,0.0,0.0,0.0,0.0,2.0,28.0,7.0,9.0,5224.93
STEVIA,0.0,0.0,0.0,0.0,0.0,0.0,0.0,0.0,0.0,0.0,0.0,0.0,0.0,0.0,0.0,0.0,0.0,0.0,0.0,0.0,0.0,0.0,0.0,0.0,0.0,5.0,11.0,17.0,15.0,1.0,0.0,0.0,0.0,21.0,13.0,4.0,5193.0
TOMATOCHEMICALFREE,0.0,0.0,0.0,0.0,0.0,0.0,0.0,0.0,0.0,0.0,0.0,0.0,0.0,0.0,0.0,0.0,0.0,0.0,0.0,15.0,19.0,38.0,29.0,28.0,47.0,103.0,101.0,1.0,69.0,9.0,0.0,0.0,4.0,10.0,33.0,31.0,5087.58
WILDRICEORGANIC227G,0.0,0.0,0.0,0.0,1.0,0.0,0.0,0.0,0.0,0.0,0.0,0.0,0.0,3.0,3.0,2.0,0.0,3.0,1.0,0.0,0.0,10.0,3.0,11.0,0.0,0.0,3.0,3.0,0.0,0.0,0.0,0.0,0.0,5.0,9.0,1.0,4865.5
BROWNRICEROTINIAMERICANGLUTENFREEORGANIC284G,0.0,0.0,0.0,0.0,0.0,7.0,3.0,7.0,6.0,3.0,1.0,1.0,0.0,12.0,2.0,4.0,2.0,7.0,4.0,0.0,5.0,4.0,7.0,6.0,7.0,4.0,4.0,6.0,0.0,0.0,0.0,0.0,0.0,0.0,0.0,2.0,4862.8
OATSWITHSPIRULINAANDBARLEYGRASSORGANIC?SUPERFOOD,0.0,0.0,0.0,0.0,0.0,0.0,0.0,0.0,0.0,0.0,0.0,0.0,0.0,0.0,0.0,0.0,0.0,0.0,0.0,0.0,0.0,0.0,0.0,0.0,0.0,0.0,0.0,0.0,0.0,0.0,0.0,0.0,0.0,57.0,105.0,33.0,4827.23943
CUCUMBERCHEMICALFREE,0.0,0.0,0.0,0.0,0.0,0.0,0.0,0.0,0.0,0.0,0.0,0.0,0.0,0.0,0.0,0.0,0.0,0.0,0.0,14.0,18.0,30.0,33.0,23.0,47.0,76.0,83.0,56.0,53.0,20.0,0.0,0.0,3.0,3.0,29.0,20.0,4790.15
PUMPKINSEEDS100G,1.0,2.0,8.0,14.0,1.0,9.0,17.0,0.0,0.0,0.0,4.0,1.0,0.0,1.0,0.0,0.0,0.0,0.0,0.0,0.0,5.0,3.0,19.0,10.0,22.0,22.0,30.0,26.0,40.0,1.0,0.0,0.0,0.0,0.0,0.0,0.0,4771.8
BANANA,0.0,0.0,0.0,0.0,4.0,14.0,18.0,25.0,17.0,30.0,32.0,16.0,14.0,21.0,15.0,26.0,20.0,13.0,9.0,15.0,7.0,12.0,0.0,0.0,0.0,0.0,0.0,0.0,0.0,0.0,0.0,0.0,0.0,0.0,0.0,0.0,4694.363487
SIXTHOFOCTOBER,0.0,0.0,0.0,0.0,0.0,5.0,9.0,6.0,4.0,0.0,3.0,3.0,0.0,7.0,5.0,15.0,2.0,6.0,1.0,2.0,3.0,1.0,8.0,10.0,6.0,3.0,2.0,6.0,5.0,0.0,0.0,0.0,0.0,19.0,15.0,12.0,4690.0
OATSWITHMACAANDCOCOAORGANIC?SUPERFOOD,0.0,0.0,0.0,0.0,0.0,0.0,0.0,0.0,0.0,0.0,0.0,0.0,0.0,0.0,0.0,0.0,0.0,0.0,0.0,0.0,0.0,0.0,0.0,0.0,0.0,0.0,0.0,0.0,0.0,0.0,0.0,0.0,0.0,57.0,86.0,55.0,4689.807807
VEALSHANKSMOWAZ1KG,0.0,2.0,1.0,3.0,1.0,4.0,5.0,0.0,3.0,4.0,4.0,8.0,1.0,0.0,0.0,1.0,3.0,0.0,1.0,1.0,0.0,3.0,0.0,0.0,0.0,0.0,0.0,0.0,0.0,0.0,0.0,0.0,0.0,0.0,0.0,0.0,4667.7
SALMONSTEAKFROZEN,0.0,0.0,0.0,0.0,0.0,0.0,0.0,0.0,0.0,0.0,0.0,0.0,0.0,0.0,0.0,0.0,0.0,0.0,0.0,0.0,0.0,3.0,23.0,10.0,12.0,28.0,1.0,0.0,0.0,0.0,0.0,0.0,0.0,0.0,0.0,0.0,4652.8
ALLPURPOSEBAKINGFLOURGLUTENFREE623G,0.0,0.0,0.0,0.0,1.0,2.0,5.0,9.0,2.0,7.0,1.0,0.0,0.0,12.0,3.0,5.0,2.0,2.0,0.0,1.0,7.0,6.0,8.0,9.0,5.0,0.0,0.0,7.0,6.0,0.0,0.0,0.0,0.0,0.0,0.0,0.0,4648.48
SWEETPINEAPPLES,0.0,0.0,0.0,0.0,0.0,0.0,0.0,0.0,0.0,0.0,0.0,0.0,0.0,0.0,0.0,0.0,0.0,0.0,0.0,0.0,0.0,11.0,9.0,7.0,9.0,25.0,11.0,10.0,10.0,3.0,0.0,0.0,4.0,24.0,3.0,1.0,4647.0
UNSWEETENEDSOYMILKORGANIC946ML,0.0,0.0,0.0,0.0,1.0,10.0,7.0,16.0,13.0,13.0,0.0,2.0,1.0,5.0,1.0,1.0,2.0,2.0,0.0,5.0,4.0,0.0,5.0,6.0,3.0,9.0,6.0,0.0,0.0,0.0,0.0,0.0,1.0,18.0,10.0,4.0,4592.1
RAWPISTACHIO250G,1.0,2.0,1.0,2.0,0.0,1.0,1.0,1.0,2.0,4.0,4.0,7.0,1.0,1.0,4.0,6.0,5.0,3.0,3.0,5.0,5.0,3.0,2.0,1.0,1.0,4.0,1.0,0.0,1.0,0.0,0.0,0.0,0.0,8.0,1.0,0.0,4583.54
SPANISHEXTRAVIRGINOLIVEOILORGANIC473G,0.0,0.0,0.0,0.0,0.0,2.0,0.0,2.0,1.0,0.0,2.0,0.0,0.0,1.0,0.0,1.0,0.0,1.0,1.0,1.0,2.0,1.0,0.0,0.0,2.0,4.0,5.0,0.0,1.0,0.0,0.0,0.0,0.0,15.0,12.0,1.0,4556.2
CHICKENBREASTSCHEMICALFREE,0.0,0.0,0.0,0.0,0.0,0.0,0.0,0.0,0.0,0.0,0.0,0.0,0.0,0.0,0.0,0.0,0.0,0.0,0.0,0.0,0.0,0.0,0.0,0.0,0.0,0.0,19.0,19.0,32.0,0.0,0.0,0.0,0.0,0.0,1.0,0.0,4488.0
BERRYMIXFROZEN,0.0,0.0,0.0,0.0,0.0,0.0,0.0,0.0,0.0,0.0,0.0,0.0,0.0,0.0,0.0,0.0,0.0,0.0,0.0,4.0,1.0,2.0,6.0,1.0,11.0,16.0,15.0,20.0,0.0,0.0,0.0,0.0,0.0,0.0,5.0,5.0,4485.0
SEASALTPOTUGESEFINEGRIND453G,0.0,0.0,0.0,0.0,0.0,4.0,7.0,3.0,6.0,6.0,5.0,3.0,1.0,7.0,5.0,0.0,0.0,0.0,0.0,2.0,6.0,3.0,1.0,4.0,5.0,13.0,21.0,15.0,14.0,3.0,0.0,0.0,0.0,13.0,9.0,5.0,4473.875
CAMELMILKFROZEN,0.0,0.0,0.0,0.0,0.0,0.0,0.0,0.0,0.0,0.0,0.0,0.0,0.0,0.0,0.0,0.0,0.0,0.0,0.0,0.0,0.0,0.0,17.0,17.0,25.0,30.0,8.0,11.0,9.0,2.0,0.0,0.0,3.0,101.0,70.0,31.0,4421.5
SHORTGRAINBROWNRICEECOFARMEDORGANIC907G,0.0,0.0,0.0,0.0,3.0,6.0,3.0,5.0,11.0,5.0,5.0,0.0,0.0,7.0,5.0,5.0,4.0,0.0,0.0,1.0,12.0,9.0,13.0,0.0,0.0,7.0,11.0,4.0,8.0,0.0,0.0,0.0,0.0,0.0,0.0,0.0,4417.0
ALMONDBUTTERHOMEMADE,0.0,0.0,0.0,0.0,0.0,0.0,0.0,0.0,0.0,0.0,0.0,0.0,0.0,0.0,0.0,0.0,0.0,0.0,0.0,0.0,0.0,0.0,1.0,6.0,9.0,30.0,18.0,9.0,0.0,0.0,0.0,0.0,0.0,0.0,0.0,0.0,4380.0
BALADYEGGSORGANIC,0.0,0.0,0.0,0.0,0.0,0.0,0.0,0.0,0.0,0.0,0.0,0.0,0.0,0.0,0.0,0.0,0.0,0.0,0.0,0.0,0.0,0.0,0.0,0.0,0.0,0.0,0.0,0.0,0.0,0.0,0.0,0.0,2.0,92.0,73.0,27.0,4374.0
MIXEDNUTSTRAILMIX,0.0,0.0,0.0,0.0,0.0,0.0,0.0,0.0,0.0,0.0,0.0,0.0,0.0,0.0,0.0,0.0,0.0,0.0,0.0,0.0,0.0,0.0,0.0,0.0,0.0,0.0,0.0,0.0,0.0,0.0,0.0,0.0,1.0,86.5,1.0,0.0,4309.005
KIWI,9.0,17.0,5.0,44.0,6.0,35.0,39.0,117.0,87.0,99.0,90.0,35.0,49.0,74.0,45.0,36.0,29.0,63.0,51.0,19.0,37.0,43.0,47.0,27.0,54.0,68.0,50.0,83.0,48.0,35.0,0.0,0.0,2.0,74.0,57.0,17.0,4288.129999999999
LOWFATRICEMILK946ML,0.0,0.0,0.0,0.0,1.0,4.0,2.0,10.0,18.0,34.0,27.0,2.0,0.0,12.0,4.0,14.0,2.0,0.0,0.0,0.0,0.0,0.0,0.0,0.0,0.0,0.0,0.0,0.0,0.0,0.0,0.0,0.0,0.0,0.0,0.0,0.0,4201.4
QUINOACHEMICALFREEEGYPTIAN,0.0,0.0,0.0,0.0,0.0,0.0,0.0,0.0,0.0,0.0,0.0,0.0,0.0,0.0,0.0,0.0,0.0,0.0,0.0,0.0,0.0,0.0,0.0,0.0,0.0,0.0,8.0,62.0,13.0,5.0,0.0,0.0,0.0,0.0,0.0,0.0,4170.0
ORGANICQUINOA454G,7.0,19.0,18.0,37.0,0.0,0.0,0.0,0.0,0.0,0.0,0.0,0.0,0.0,0.0,0.0,0.0,0.0,0.0,0.0,0.0,0.0,0.0,0.0,0.0,0.0,0.0,0.0,0.0,0.0,0.0,0.0,0.0,0.0,0.0,0.0,0.0,4024.08
CHICKENCUTLETSSHISHTAWOOK,0.0,0.0,0.0,0.0,0.0,0.0,0.0,0.0,0.0,0.0,0.0,0.0,0.0,0.0,0.0,0.0,0.0,0.0,0.0,0.0,0.0,0.0,0.0,0.0,0.0,0.0,0.0,0.0,0.0,0.0,0.0,0.0,0.0,31.0,24.0,15.0,4010.4
AVOCADOSIMPORTED,0.0,0.0,0.0,0.0,0.0,0.0,0.0,0.0,0.0,0.0,0.0,0.0,0.0,0.0,0.0,0.0,0.0,0.0,0.0,0.0,0.0,0.0,0.0,0.0,0.0,0.0,0.0,0.0,0.0,0.0,0.0,0.0,0.0,88.0,31.0,10.0,3950.0
FLAXOIL,0.0,0.0,0.0,0.0,0.0,0.0,0.0,0.0,0.0,0.0,0.0,0.0,0.0,0.0,0.0,0.0,0.0,0.0,0.0,0.0,2.0,4.0,4.0,1.0,0.0,3.0,4.0,3.0,6.0,1.0,0.0,0.0,0.0,22.0,5.0,1.0,3813.9
BABYSPINACH,0.0,0.0,0.0,0.0,0.0,0.0,0.0,0.0,0.0,0.0,0.0,0.0,0.0,0.0,0.0,0.0,0.0,0.0,0.0,0.0,16.0,58.0,57.0,88.0,35.0,83.0,68.0,65.0,58.0,8.0,0.0,0.0,0.0,0.0,0.0,0.0,3802.3
VEALLIVER1KG,1.0,1.0,4.0,3.0,1.0,3.0,3.0,1.0,0.0,0.0,3.0,0.0,4.0,2.0,4.0,0.0,0.0,2.0,0.0,3.0,0.0,2.0,0.0,0.0,0.0,0.0,0.0,0.0,0.0,0.0,0.0,0.0,0.0,0.0,0.0,0.0,3770.7
VEALESCALOPECHEMICALFREEFROZENFROZEN,0.0,0.0,0.0,0.0,0.0,0.0,0.0,0.0,0.0,0.0,0.0,0.0,0.0,0.0,0.0,0.0,0.0,0.0,0.0,0.0,0.0,0.0,0.0,0.0,0.0,0.0,0.0,0.0,0.0,0.0,0.0,0.0,0.0,21.0,19.0,2.0,3731.6
QUINOACHEMICALFREELOCAL,0.0,0.0,0.0,0.0,0.0,0.0,0.0,0.0,0.0,0.0,0.0,0.0,0.0,0.0,0.0,0.0,0.0,0.0,0.0,0.0,0.0,0.0,0.0,0.0,0.0,0.0,0.0,0.0,0.0,0.0,0.0,0.0,4.0,3.0,31.0,8.0,3656.52
CITRUSFLOWERHONEY450G,0.0,1.0,6.0,8.0,2.0,8.0,6.0,14.0,5.0,8.0,7.0,1.0,4.0,3.0,1.0,9.0,5.0,1.0,0.0,0.0,0.0,0.0,0.0,0.0,0.0,0.0,0.0,0.0,0.0,0.0,0.0,0.0,0.0,0.0,0.0,0.0,3612.5
BEEFSTEAK1KG,0.0,0.0,0.0,0.0,0.0,1.0,6.0,4.0,3.0,6.0,3.0,6.0,2.0,9.0,0.0,1.0,0.0,1.0,0.0,1.0,0.0,4.0,0.0,0.0,0.0,0.0,0.0,0.0,0.0,0.0,0.0,0.0,0.0,0.0,0.0,0.0,3593.15
BEEFTOPSIDEROAST1KG,0.0,0.0,0.0,0.0,0.0,2.0,1.0,3.0,0.0,3.0,3.0,0.0,0.0,0.0,1.0,0.0,1.0,2.0,1.0,1.0,3.0,1.0,0.0,0.0,0.0,0.0,0.0,0.0,0.0,0.0,0.0,0.0,0.0,0.0,0.0,0.0,3552.78
VEALRIBSBEITKALAWY1KG,2.0,0.0,3.0,1.0,0.0,6.0,0.0,3.0,3.0,0.0,1.0,8.0,1.0,1.0,4.0,0.0,1.0,2.0,0.0,0.0,5.0,2.0,0.0,0.0,0.0,0.0,0.0,0.0,0.0,0.0,0.0,0.0,0.0,0.0,0.0,0.0,3508.8
COCONUTFLOUR,0.0,0.0,0.0,0.0,0.0,0.0,0.0,0.0,0.0,0.0,0.0,0.0,0.0,0.0,0.0,0.0,0.0,0.0,0.0,0.0,0.0,0.0,0.0,0.0,0.0,4.0,8.0,2.0,4.0,0.0,0.0,0.0,0.0,10.0,11.0,3.0,3502.0
MELON,0.0,0.0,0.0,0.0,2.0,4.0,9.0,18.0,12.0,26.0,17.0,2.0,3.0,11.0,6.0,7.0,5.0,8.0,5.0,9.0,10.0,1.0,10.0,3.0,12.0,21.0,17.0,19.0,9.0,3.0,0.0,0.0,1.0,18.0,4.0,6.0,3452.01
HOMEMADEBREADMIXGLUTENFREE453G,0.0,0.0,0.0,0.0,1.0,2.0,0.0,4.0,7.0,2.0,7.0,3.0,0.0,1.0,6.0,1.0,2.0,5.0,3.0,0.0,2.0,6.0,0.0,2.0,2.0,0.0,2.0,1.0,2.0,0.0,0.0,0.0,0.0,0.0,0.0,0.0,3401.65
MIXEDNUTS,0.0,0.0,0.0,0.0,0.0,0.0,0.0,0.0,0.0,0.0,0.0,0.0,0.0,0.0,0.0,0.0,0.0,1.0,2.0,0.0,1.0,0.0,2.0,0.0,0.0,0.0,5.0,5.0,3.0,0.0,0.0,0.0,0.0,22.0,15.0,5.0,3342.5
BANANASIMPORTED,0.0,0.0,0.0,0.0,0.0,0.0,0.0,0.0,0.0,0.0,0.0,0.0,0.0,0.0,0.0,0.0,0.0,0.0,0.0,0.0,0.0,9.0,17.0,8.0,22.0,34.0,25.0,12.0,0.0,0.0,0.0,0.0,0.0,30.0,14.0,11.0,3331.0
SMOKEDSALMONFROZEN,0.0,0.0,0.0,0.0,0.0,0.0,0.0,0.0,0.0,0.0,0.0,0.0,0.0,0.0,0.0,0.0,0.0,0.0,0.0,0.0,0.0,0.0,3.0,5.0,1.0,8.0,4.0,2.0,4.0,1.0,0.0,0.0,0.0,8.0,3.0,4.0,3309.65
RAWHONEY,0.0,0.0,0.0,0.0,0.0,0.0,0.0,0.0,0.0,0.0,0.0,0.0,0.0,0.0,0.0,0.0,0.0,0.0,4.0,2.0,0.0,0.0,0.0,0.0,0.0,3.0,27.0,26.0,23.0,0.0,0.0,0.0,0.0,0.0,0.0,0.0,3276.9
BLACKBERRIES,0.0,0.0,0.0,0.0,0.0,0.0,0.0,0.0,0.0,0.0,0.0,0.0,0.0,0.0,0.0,10.0,6.0,0.0,0.0,5.0,0.0,0.0,30.0,10.0,0.0,0.0,0.0,0.0,0.0,0.0,0.0,0.0,0.0,0.0,0.0,0.0,3252.0
DRIEDAPRICOTS250G,2.0,3.0,8.0,3.0,0.0,9.0,13.0,3.0,11.0,11.0,11.0,4.0,0.0,0.0,4.0,11.0,6.0,4.0,2.0,4.0,0.0,0.0,5.0,1.0,3.0,4.0,7.0,5.0,3.0,2.0,0.0,0.0,0.0,57.0,7.0,1.0,3229.28
ORGANICREDQUINOA454G,0.0,0.0,0.0,0.0,0.0,6.0,3.0,1.0,1.0,0.0,0.0,0.0,0.0,0.0,6.0,5.0,1.0,12.0,0.0,0.0,0.0,0.0,0.0,0.0,0.0,0.0,0.0,0.0,0.0,0.0,0.0,0.0,0.0,0.0,0.0,0.0,3210.3
APPLESSUKARY,0.0,0.0,0.0,0.0,0.0,7.0,8.0,16.0,22.0,19.0,13.0,1.0,3.0,15.0,4.0,5.0,3.0,4.0,4.0,3.0,1.0,1.0,0.0,0.0,0.0,0.0,0.0,0.0,0.0,0.0,0.0,0.0,0.0,0.0,0.0,0.0,3194.56
OLDCOUNTRYSTYLEMUESLI510G,1.0,0.0,5.0,6.0,1.0,4.0,6.0,6.0,1.0,3.0,4.0,0.0,0.0,5.0,1.0,1.0,1.0,0.0,8.0,1.0,0.0,0.0,0.0,2.0,3.0,2.0,1.0,0.0,0.0,0.0,0.0,0.0,0.0,0.0,0.0,0.0,3095.2
MEDJOULDATES,0.0,0.0,0.0,0.0,0.0,0.0,0.0,0.0,0.0,0.0,0.0,0.0,0.0,0.0,0.0,0.0,0.0,1.0,1.0,0.0,1.0,1.0,2.0,3.0,2.0,0.0,0.0,10.0,10.0,3.0,0.0,0.0,0.0,47.0,5.0,0.0,3085.2
ORGANICCOCONUTOIL,0.0,0.0,0.0,0.0,0.0,0.0,0.0,0.0,0.0,0.0,0.0,0.0,0.0,0.0,0.0,0.0,0.0,0.0,0.0,0.0,0.0,0.0,0.0,0.0,0.0,0.0,0.0,0.0,17.0,4.0,0.0,0.0,0.0,0.0,0.0,0.0,3078.4
NGSHAPPYLIFEBOX,0.0,0.0,0.0,10.0,3.0,2.0,3.0,1.0,3.0,3.0,0.0,0.0,0.0,0.0,0.0,0.0,0.0,0.0,0.0,0.0,0.0,0.0,0.0,0.0,0.0,0.0,0.0,0.0,0.0,0.0,0.0,0.0,0.0,0.0,0.0,0.0,3071.48
HAMBURGER1KG,0.0,5.0,2.0,2.0,1.0,8.0,0.0,3.0,1.0,3.0,0.0,2.0,0.0,1.0,0.0,3.0,3.0,3.0,2.0,2.0,1.0,2.0,0.0,0.0,0.0,0.0,0.0,0.0,0.0,0.0,0.0,0.0,0.0,0.0,0.0,0.0,3066.2
DUCK,0.0,0.0,0.0,0.0,1.0,2.0,0.0,6.0,0.0,2.0,4.0,10.0,0.0,0.0,0.0,4.0,1.0,0.0,1.0,3.0,1.0,0.0,0.0,0.0,0.0,0.0,0.0,0.0,0.0,0.0,0.0,0.0,0.0,0.0,0.0,0.0,3024.0
MANUKAHONEY,0.0,0.0,0.0,0.0,0.0,0.0,0.0,0.0,0.0,0.0,0.0,0.0,0.0,0.0,0.0,0.0,0.0,0.0,0.0,0.0,0.0,0.0,0.0,0.0,0.0,0.0,0.0,0.0,0.0,0.0,0.0,0.0,2.0,13.0,0.0,0.0,3000.0
APPLECIDERVINEGARORGANIC,0.0,0.0,0.0,0.0,0.0,0.0,0.0,0.0,0.0,0.0,0.0,0.0,0.0,0.0,0.0,0.0,0.0,0.0,0.0,0.0,0.0,0.0,0.0,0.0,0.0,0.0,0.0,0.0,0.0,0.0,0.0,0.0,1.0,54.0,16.0,14.0,2971.52758
NGSMINIHAPPYLIFEBOX,0.0,0.0,0.0,0.0,0.0,5.0,10.0,11.0,5.0,7.0,5.0,0.0,0.0,0.0,0.0,0.0,0.0,0.0,0.0,0.0,0.0,0.0,0.0,0.0,0.0,0.0,0.0,0.0,0.0,0.0,0.0,0.0,0.0,0.0,0.0,0.0,2969.58
RASPBERRIESFROZEN,0.0,0.0,0.0,0.0,0.0,0.0,0.0,0.0,0.0,0.0,0.0,0.0,0.0,0.0,0.0,0.0,0.0,0.0,0.0,1.0,1.0,0.0,4.0,3.0,2.0,6.0,4.0,6.0,8.0,2.0,0.0,0.0,0.0,0.0,5.0,5.0,2960.39
REDAPPLESAMERICAN,0.0,0.0,0.0,0.0,0.0,0.0,0.0,0.0,0.0,0.0,0.0,0.0,0.0,0.0,0.0,0.0,0.0,0.0,0.0,0.0,0.0,14.0,8.0,3.0,5.0,8.0,13.0,6.0,2.0,1.0,0.0,0.0,0.0,38.0,4.0,1.0,2959.0
COOKINGOATGLUTENFREE,0.0,0.0,0.0,0.0,0.0,0.0,0.0,0.0,0.0,0.0,0.0,0.0,0.0,0.0,0.0,0.0,0.0,0.0,0.0,0.0,0.0,0.0,4.0,25.0,0.0,2.0,2.0,3.0,2.0,0.0,0.0,0.0,0.0,0.0,0.0,0.0,2890.0
BALADYWHOLECHICKENCHEMICALFREEDEFAULT,0.0,0.0,0.0,0.0,0.0,0.0,0.0,0.0,0.0,0.0,0.0,0.0,0.0,0.0,0.0,0.0,0.0,0.0,0.0,0.0,0.0,0.0,0.0,0.0,0.0,0.0,0.0,0.0,0.0,0.0,0.0,0.0,5.0,37.0,-1.0,17.0,2877.5
GREENAPPLESFRENCHIMPORTED,0.0,0.0,0.0,0.0,0.0,0.0,0.0,0.0,0.0,0.0,0.0,0.0,0.0,0.0,0.0,0.0,0.0,0.0,0.0,0.0,0.0,3.0,9.0,6.0,10.0,16.0,13.0,6.0,6.0,2.0,0.0,0.0,0.0,26.0,5.0,2.0,2823.4248740000007
ORANGES,0.0,0.0,0.0,0.0,2.0,7.0,3.0,13.0,12.0,11.0,18.0,4.0,6.0,12.0,8.0,11.0,7.0,5.0,10.0,25.0,20.0,8.0,7.0,1.0,6.0,10.0,11.0,10.0,15.0,5.0,0.0,0.0,0.0,7.0,0.0,0.0,2811.48
SPIRULINAPOWDERORGANIC,0.0,0.0,0.0,0.0,0.0,0.0,0.0,0.0,0.0,0.0,0.0,0.0,0.0,0.0,0.0,0.0,0.0,0.0,0.0,0.0,0.0,0.0,0.0,0.0,0.0,0.0,0.0,0.0,0.0,0.0,0.0,0.0,1.0,14.0,7.0,1.0,2767.994
RASPBERRIES,0.0,0.0,0.0,0.0,0.0,0.0,0.0,0.0,0.0,0.0,0.0,0.0,0.0,0.0,0.0,12.0,8.0,0.0,0.0,4.0,2.0,0.0,15.0,12.0,0.0,0.0,0.0,0.0,0.0,0.0,0.0,0.0,0.0,0.0,0.0,0.0,2758.0
BABYSPINACHCHEMICALFREE,0.0,0.0,0.0,0.0,0.0,0.0,0.0,0.0,0.0,0.0,0.0,0.0,0.0,0.0,0.0,0.0,0.0,0.0,0.0,0.0,0.0,0.0,0.0,0.0,0.0,0.0,9.0,27.0,17.0,6.0,0.0,0.0,2.0,116.0,45.0,50.0,2753.75
POTATOESCHEMICALFREE,0.0,0.0,0.0,0.0,0.0,0.0,0.0,0.0,0.0,0.0,0.0,0.0,0.0,0.0,0.0,0.0,0.0,0.0,0.0,1.0,7.0,10.0,20.0,7.0,25.0,20.0,7.0,31.0,35.0,10.0,0.0,0.0,3.0,29.0,43.0,26.0,2750.0
LOLLAROSSA,0.0,0.0,0.0,0.0,2.0,19.0,11.0,32.0,22.0,19.0,13.0,17.0,5.0,14.0,7.0,10.0,4.0,4.0,9.0,2.0,3.0,25.0,20.0,23.0,11.0,18.0,17.0,23.0,15.0,4.0,0.0,0.0,0.0,0.0,0.0,0.0,2722.59
BALADYRAWHONEY,0.0,0.0,0.0,0.0,0.0,0.0,0.0,0.0,0.0,0.0,0.0,0.0,0.0,0.0,0.0,0.0,0.0,0.0,0.0,0.0,0.0,16.0,17.0,16.0,44.0,16.0,0.0,0.0,3.0,2.0,0.0,0.0,0.0,0.0,0.0,0.0,2708.0
TURKEYFEMALE,0.0,0.0,0.0,0.0,0.0,2.0,0.0,2.0,2.0,0.0,0.0,4.0,0.0,3.0,7.0,2.0,0.0,2.0,0.0,0.0,1.0,0.0,0.0,0.0,0.0,0.0,0.0,0.0,0.0,0.0,0.0,0.0,0.0,0.0,0.0,0.0,2700.0
AMERICANREDAPPLES,0.0,0.0,0.0,0.0,0.0,3.0,6.0,2.0,3.0,1.0,10.0,6.0,1.0,5.0,4.0,2.0,7.0,7.0,4.0,13.0,13.0,8.0,0.0,0.0,0.0,0.0,0.0,0.0,0.0,0.0,0.0,0.0,0.0,0.0,0.0,0.0,2657.25
FLAXSEEDSEGYPTIAN250G,0.0,0.0,0.0,0.0,0.0,6.0,2.0,6.0,4.0,6.0,5.0,4.0,0.0,4.0,2.0,4.0,0.0,7.0,2.0,8.0,3.0,3.0,6.0,8.0,15.0,8.0,5.0,21.0,12.0,2.0,0.0,0.0,3.0,0.0,0.0,0.0,2546.0
PROBIOTICS,0.0,0.0,0.0,0.0,0.0,0.0,0.0,0.0,1.0,0.0,1.0,0.0,0.0,0.0,3.0,0.0,0.0,0.0,0.0,0.0,0.0,0.0,0.0,0.0,0.0,0.0,0.0,0.0,0.0,0.0,0.0,0.0,0.0,0.0,0.0,0.0,2500.0
ORGANICBROWNRICEELBOWPASTA340G,0.0,0.0,0.0,0.0,1.0,5.0,1.0,7.0,2.0,6.0,4.0,0.0,0.0,4.0,1.0,2.0,5.0,0.0,2.0,3.0,2.0,3.0,1.0,0.0,0.0,1.0,0.0,0.0,0.0,0.0,0.0,0.0,0.0,0.0,0.0,2.0,2436.15
REDQUINOA,0.0,0.0,0.0,0.0,0.0,0.0,0.0,0.0,0.0,0.0,0.0,0.0,0.0,0.0,0.0,0.0,0.0,0.0,0.0,0.0,0.0,0.0,0.0,0.0,0.0,7.0,9.0,6.0,2.0,0.0,0.0,0.0,0.0,0.0,0.0,0.0,2434.0
LIMECHEMICALFREE,0.0,0.0,0.0,0.0,0.0,0.0,0.0,0.0,0.0,0.0,0.0,0.0,0.0,0.0,0.0,0.0,0.0,0.0,0.0,0.0,12.0,12.0,13.0,10.0,13.0,7.0,8.0,6.0,4.0,2.0,0.0,0.0,0.0,25.0,8.0,0.0,2420.2
SOYLECITIHINGRANULES453G,0.0,0.0,0.0,0.0,0.0,0.0,2.0,0.0,1.0,1.0,2.0,3.0,0.0,0.0,4.0,0.0,0.0,1.0,2.0,0.0,0.0,1.0,0.0,0.0,4.0,0.0,0.0,0.0,0.0,0.0,0.0,0.0,0.0,0.0,0.0,0.0,2400.1
BEDOUINLAMBLEGCHEMICALFREE,0.0,0.0,0.0,0.0,0.0,0.0,0.0,0.0,0.0,0.0,0.0,0.0,0.0,0.0,0.0,0.0,0.0,0.0,0.0,0.0,0.0,0.0,0.0,0.0,0.0,1.0,1.0,2.0,2.0,1.0,0.0,0.0,0.0,3.0,0.0,0.0,2375.0
COOKIESWITHWHEATGERM,0.0,0.0,0.0,0.0,0.0,0.0,0.0,0.0,0.0,0.0,0.0,0.0,0.0,0.0,0.0,0.0,0.0,0.0,0.0,0.0,0.0,5.0,3.0,2.0,4.0,14.0,18.0,35.0,15.0,3.0,0.0,0.0,0.0,32.0,2.0,1.0,2357.3
CHICORYWHITEENDIVE500G,5.0,8.0,17.0,26.0,0.0,0.0,0.0,0.0,0.0,0.0,0.0,0.0,0.0,0.0,0.0,0.0,0.0,0.0,0.0,0.0,0.0,0.0,0.0,0.0,0.0,0.0,0.0,0.0,0.0,0.0,0.0,0.0,0.0,0.0,0.0,0.0,2307.2
EXTRAVIRGINSESAMEOILORGANIC473ML,0.0,0.0,0.0,0.0,0.0,1.0,3.0,1.0,4.0,1.0,1.0,1.0,0.0,0.0,1.0,2.0,2.0,1.0,2.0,2.0,1.0,0.0,0.0,0.0,0.0,0.0,0.0,0.0,0.0,0.0,0.0,0.0,0.0,0.0,2.0,1.0,2299.8
BROWNSUGAR750G,0.0,0.0,0.0,0.0,1.0,8.0,5.0,3.0,1.0,7.0,3.0,1.0,4.0,5.0,6.0,4.0,5.0,5.0,5.0,1.0,0.0,4.0,5.0,1.0,3.0,2.0,19.0,17.0,12.0,3.0,0.0,0.0,0.0,0.0,0.0,0.0,2290.12
BANANASCHEMICALFREE,0.0,0.0,0.0,0.0,0.0,0.0,0.0,0.0,0.0,0.0,0.0,0.0,0.0,0.0,0.0,0.0,0.0,0.0,0.0,0.0,0.0,0.0,0.0,0.0,0.0,0.0,0.0,34.0,20.0,8.0,0.0,0.0,0.0,80.0,2.0,0.0,2276.0
BEEFLIVERCHEMICALFREEFROZEN,0.0,0.0,0.0,0.0,0.0,0.0,0.0,0.0,0.0,0.0,0.0,0.0,0.0,0.0,0.0,0.0,0.0,0.0,0.0,0.0,0.0,0.0,0.0,0.0,0.0,2.0,4.0,3.0,0.0,1.0,0.0,0.0,0.0,11.0,13.0,3.0,2243.2
KOFTA1KG,1.0,0.0,0.0,5.0,1.0,1.0,1.0,1.0,2.0,0.0,1.0,0.0,1.0,4.0,2.0,1.0,7.0,0.0,0.0,1.0,0.0,2.0,0.0,0.0,0.0,0.0,0.0,0.0,0.0,0.0,0.0,0.0,0.0,0.0,0.0,0.0,2213.4
SPIRULINAPOWDER100G,0.0,0.0,0.0,0.0,0.0,0.0,0.0,1.0,2.0,0.0,1.0,1.0,0.0,1.0,4.0,1.0,2.0,0.0,0.0,0.0,0.0,0.0,0.0,0.0,0.0,0.0,0.0,0.0,0.0,0.0,0.0,0.0,0.0,0.0,0.0,0.0,2212.0
PANCAKEMIXGLUTENFREE623G,0.0,0.0,0.0,0.0,0.0,1.0,1.0,4.0,1.0,4.0,5.0,2.0,2.0,0.0,0.0,0.0,0.0,4.0,0.0,1.0,0.0,0.0,1.0,1.0,3.0,2.0,3.0,3.0,1.0,1.0,0.0,0.0,0.0,3.0,0.0,0.0,2200.0
PREMIUMNORWEGIANSALMONSTEAK,13.0,20.0,21.0,0.0,5.0,14.0,8.0,7.0,0.0,0.0,0.0,0.0,0.0,0.0,0.0,0.0,0.0,0.0,0.0,0.0,0.0,0.0,0.0,0.0,0.0,0.0,0.0,0.0,0.0,0.0,0.0,0.0,0.0,0.0,0.0,0.0,2193.84
TURKEY,0.0,0.0,0.0,0.0,0.0,1.0,0.0,0.0,0.0,0.0,0.0,0.0,0.0,1.0,0.0,1.0,2.0,1.0,1.0,1.0,0.0,0.0,0.0,0.0,0.0,0.0,0.0,0.0,0.0,0.0,0.0,0.0,0.0,0.0,0.0,2.0,2188.8
WHEATGERMMIRACLE,0.0,0.0,0.0,0.0,0.0,0.0,0.0,2.0,3.0,1.0,0.0,0.0,0.0,0.0,0.0,0.0,1.0,2.0,2.0,1.0,0.0,1.0,4.0,1.0,1.0,2.0,2.0,8.0,2.0,0.0,0.0,0.0,0.0,1.0,5.0,5.0,2174.941589
CHERRYTOMATOESCHEMICALFREE,0.0,0.0,0.0,0.0,0.0,0.0,0.0,0.0,0.0,0.0,0.0,0.0,0.0,0.0,0.0,0.0,0.0,0.0,0.0,2.0,2.0,19.0,42.0,10.0,37.0,7.0,15.0,0.0,8.0,0.0,0.0,0.0,0.0,1.0,0.0,0.0,2160.7
REDGRAPESIMPORTED,0.0,0.0,0.0,0.0,0.0,0.0,0.0,0.0,0.0,0.0,0.0,0.0,0.0,0.0,0.0,0.0,0.0,0.0,0.0,0.0,0.0,3.0,7.0,0.0,0.0,4.0,5.0,7.0,12.0,6.0,0.0,0.0,4.0,42.0,2.0,0.0,2155.0
BAKINGSODA453G,0.0,0.0,0.0,0.0,1.0,3.0,3.0,2.0,1.0,4.0,5.0,2.0,3.0,3.0,2.0,1.0,2.0,0.0,0.0,1.0,1.0,4.0,4.0,8.0,0.0,0.0,0.0,0.0,1.0,0.0,0.0,0.0,0.0,14.0,10.0,2.0,2134.5
MUESLIWITHSEEDSANDNUTSMADEFROMSCOTTISHOATSGLUTENFREE,0.0,0.0,0.0,0.0,0.0,0.0,0.0,0.0,0.0,0.0,0.0,0.0,0.0,0.0,0.0,0.0,0.0,0.0,0.0,0.0,0.0,8.0,4.0,2.0,4.0,2.0,4.0,4.0,9.0,0.0,0.0,0.0,0.0,0.0,0.0,0.0,2125.2
BEEFLIVER1KG,0.0,2.0,0.0,1.0,1.0,1.0,0.0,0.0,4.0,1.0,2.0,1.0,0.0,2.0,2.0,3.0,1.0,1.0,0.0,1.0,0.0,2.0,0.0,1.0,0.0,0.0,0.0,0.0,0.0,0.0,0.0,0.0,0.0,0.0,0.0,0.0,2124.0
PSYLLIUMSEEDS300G,3.0,1.0,1.0,4.0,0.0,4.0,1.0,2.0,5.0,9.0,3.0,3.0,0.0,4.0,2.0,3.0,1.0,1.0,0.0,3.0,2.0,2.0,1.0,4.0,2.0,2.0,0.0,3.0,2.0,0.0,0.0,0.0,0.0,0.0,0.0,0.0,2119.8
REDPLUMSIMPORTED,0.0,0.0,0.0,0.0,0.0,0.0,0.0,0.0,0.0,0.0,0.0,0.0,0.0,0.0,0.0,0.0,0.0,0.0,0.0,0.0,0.0,5.0,5.0,8.0,8.0,6.0,11.0,6.0,5.0,5.0,0.0,0.0,3.0,15.0,4.0,5.0,2105.0
KALECHEMICALFREE,0.0,0.0,0.0,0.0,0.0,0.0,0.0,0.0,0.0,0.0,0.0,0.0,0.0,0.0,0.0,0.0,0.0,0.0,0.0,0.0,0.0,0.0,0.0,0.0,0.0,0.0,0.0,25.0,15.0,2.0,0.0,0.0,0.0,27.0,27.0,21.0,2081.1
TOASTGLUTENFREE,0.0,0.0,0.0,0.0,0.0,0.0,0.0,0.0,0.0,0.0,0.0,0.0,0.0,0.0,0.0,0.0,0.0,0.0,1.0,7.0,2.0,0.0,4.0,7.0,5.0,8.0,8.0,0.0,16.0,0.0,0.0,0.0,0.0,20.0,6.0,0.0,2075.0
BEDOUINLAMBBEITKALAWICHEMICALFREE,0.0,0.0,0.0,0.0,0.0,0.0,0.0,0.0,0.0,0.0,0.0,0.0,0.0,0.0,0.0,0.0,0.0,0.0,0.0,0.0,0.0,0.0,0.0,0.0,0.0,1.0,5.0,7.0,0.0,0.0,0.0,0.0,0.0,1.0,19.0,1.0,2068.5
AMERICANGREENAPPLES,0.0,0.0,0.0,0.0,0.0,7.0,2.0,5.0,15.0,14.0,14.0,3.0,1.0,6.0,0.0,0.0,0.0,0.0,0.0,0.0,0.0,2.0,0.0,0.0,0.0,0.0,0.0,0.0,0.0,0.0,0.0,0.0,0.0,0.0,0.0,0.0,2037.07
PIGEON,0.0,0.0,0.0,0.0,5.0,0.0,6.0,0.0,4.0,1.0,8.0,2.0,0.0,0.0,0.0,0.0,0.0,6.0,8.0,10.0,5.0,3.0,0.0,0.0,0.0,0.0,0.0,0.0,0.0,0.0,0.0,0.0,0.0,0.0,0.0,0.0,2018.4
DRIEDGOJIBERRIES250G,2.0,2.0,3.0,2.0,0.0,4.0,6.0,5.0,2.0,0.0,0.0,0.0,0.0,0.0,0.0,0.0,0.0,0.0,0.0,1.0,4.0,1.0,0.0,0.0,0.0,0.0,0.0,0.0,0.0,0.0,0.0,0.0,0.0,0.0,0.0,0.0,2018.25
TOMATOES,0.0,0.0,0.0,0.0,9.0,35.0,69.0,74.0,49.0,60.0,55.0,19.0,23.0,2.0,28.0,21.0,21.0,28.0,42.0,25.0,15.0,2.0,0.0,0.0,0.0,0.0,0.0,0.0,0.0,0.0,0.0,0.0,0.0,0.0,0.0,0.0,1998.744735
TOFU,0.0,0.0,0.0,0.0,0.0,0.0,0.0,0.0,0.0,0.0,0.0,0.0,0.0,0.0,0.0,0.0,0.0,0.0,0.0,5.0,2.0,2.0,0.0,0.0,0.0,0.0,0.0,8.0,9.0,4.0,0.0,0.0,0.0,2.0,7.0,1.0,1994.0
CUCUMBER,0.0,0.0,0.0,0.0,8.0,31.0,52.0,66.0,58.0,78.0,50.0,14.0,16.0,1.0,25.0,22.0,31.0,18.0,21.0,19.0,12.0,4.0,0.0,0.0,0.0,0.0,0.0,0.0,0.0,0.0,0.0,0.0,0.0,0.0,0.0,0.0,1982.76167
BROWNRICEFLOURGLUTENFREE,0.0,0.0,0.0,0.0,0.0,0.0,0.0,0.0,0.0,0.0,0.0,0.0,0.0,0.0,0.0,0.0,0.0,0.0,0.0,0.0,0.0,0.0,0.0,0.0,0.0,4.0,2.0,3.0,5.0,1.0,0.0,0.0,0.0,9.0,13.0,13.0,1952.0
ELKATAMEYAFIFTHSETTLEMENT,0.0,0.0,0.0,0.0,0.0,4.0,7.0,13.0,10.0,11.0,7.0,6.0,2.0,4.0,8.0,9.0,9.0,13.0,12.0,9.0,6.0,0.0,0.0,0.0,0.0,0.0,0.0,0.0,0.0,0.0,0.0,0.0,0.0,0.0,0.0,0.0,1950.0
GREENASPARAGUSDEFAULT,0.0,0.0,0.0,0.0,0.0,0.0,0.0,13.0,7.0,0.0,0.0,0.0,0.0,7.0,18.0,17.0,1.0,0.0,0.0,0.0,0.0,0.0,0.0,6.0,0.0,6.0,0.0,3.0,0.0,0.0,0.0,0.0,0.0,0.0,0.0,0.0,1941.0
MUESLIWITHGOJIBERRIESANDCRANBERRIESGLUTENFREE,0.0,0.0,0.0,0.0,0.0,0.0,0.0,0.0,0.0,0.0,0.0,0.0,0.0,0.0,0.0,0.0,0.0,0.0,0.0,0.0,0.0,7.0,4.0,1.0,1.0,13.0,5.0,0.0,0.0,0.0,0.0,0.0,0.0,0.0,0.0,0.0,1933.0
REDGRAPESSEEDLESSCHEMICALFREE,0.0,0.0,0.0,0.0,0.0,0.0,0.0,0.0,0.0,0.0,0.0,0.0,0.0,0.0,0.0,0.0,0.0,0.0,0.0,0.0,0.0,0.0,0.0,9.0,34.0,34.0,24.0,0.0,0.0,0.0,0.0,0.0,0.0,0.0,0.0,0.0,1919.0
BROCCOLI,0.0,0.0,0.0,0.0,0.0,8.0,13.0,26.0,18.0,25.0,6.0,0.0,0.0,0.0,0.0,0.0,0.0,0.0,0.0,0.0,24.0,8.0,1.0,15.0,4.0,0.0,0.0,0.0,5.0,1.0,0.0,0.0,0.0,0.0,0.0,0.0,1914.36
SPINACH,0.0,0.0,0.0,0.0,4.0,25.0,33.0,39.0,27.0,43.0,13.0,0.0,0.0,0.0,0.0,2.0,33.0,31.0,28.0,16.0,12.0,7.0,0.0,0.0,0.0,0.0,0.0,0.0,0.0,0.0,0.0,0.0,0.0,0.0,0.0,0.0,1911.13
BLACKBERRIESFROZEN,0.0,0.0,0.0,0.0,0.0,0.0,0.0,0.0,0.0,0.0,0.0,0.0,0.0,0.0,0.0,0.0,0.0,0.0,1.0,1.0,4.0,0.0,6.0,10.0,3.0,3.0,4.0,12.0,0.0,0.0,0.0,0.0,0.0,0.0,4.0,0.0,1908.0
BREADSTICKSGLUTENFREE,0.0,0.0,0.0,0.0,0.0,0.0,0.0,0.0,0.0,0.0,0.0,0.0,0.0,0.0,0.0,0.0,0.0,0.0,3.0,3.0,2.0,0.0,0.0,1.0,7.0,2.0,6.0,4.0,6.0,0.0,0.0,0.0,1.0,6.0,3.0,1.0,1907.0
REDPLUMS,0.0,0.0,0.0,0.0,0.0,2.0,3.0,10.0,10.0,8.0,26.0,5.0,11.0,12.0,6.0,7.0,0.0,3.0,2.0,3.0,0.0,0.0,0.0,0.0,0.0,0.0,0.0,0.0,0.0,0.0,0.0,0.0,0.0,0.0,0.0,0.0,1904.78
PINEAPPLE,0.0,0.0,0.0,0.0,0.0,1.0,0.0,0.0,0.0,2.0,7.0,6.0,2.0,7.0,6.0,0.0,3.0,5.0,4.0,1.0,4.0,9.0,0.0,0.0,0.0,0.0,0.0,0.0,0.0,0.0,0.0,0.0,0.0,0.0,0.0,0.0,1897.19
POTATOES,0.0,0.0,0.0,0.0,4.0,18.0,26.0,29.0,22.0,18.0,18.0,19.0,15.0,17.0,11.0,11.0,19.0,13.0,18.0,16.0,21.0,9.0,0.0,0.0,0.0,2.0,0.0,0.0,0.0,4.0,0.0,0.0,0.0,0.0,0.0,0.0,1877.95
OSSOBUCCO,0.0,0.0,0.0,0.0,1.0,4.0,1.0,1.0,4.0,3.0,2.0,1.0,0.0,2.0,0.0,1.0,0.0,1.0,0.0,2.0,0.0,1.0,0.0,0.0,0.0,0.0,0.0,0.0,0.0,0.0,0.0,0.0,0.0,0.0,0.0,0.0,1872.0
PEANUTBUTTERHOMEMADE,0.0,0.0,0.0,0.0,0.0,0.0,0.0,0.0,0.0,0.0,0.0,0.0,0.0,0.0,0.0,0.0,0.0,0.0,0.0,0.0,0.0,0.0,1.0,3.0,7.0,23.0,14.0,3.0,1.0,0.0,0.0,0.0,0.0,0.0,0.0,0.0,1820.0
QUINOAFLOURGLUTENFREE,0.0,0.0,0.0,0.0,0.0,0.0,0.0,0.0,0.0,0.0,0.0,0.0,0.0,0.0,0.0,0.0,0.0,0.0,0.0,0.0,0.0,0.0,0.0,0.0,0.0,0.0,0.0,0.0,0.0,0.0,0.0,0.0,1.0,2.0,1.0,8.0,1814.4
NATURALNOFATGRANOLA340G,0.0,0.0,0.0,0.0,0.0,6.0,5.0,4.0,1.0,1.0,2.0,4.0,0.0,1.0,6.0,4.0,3.0,0.0,0.0,1.0,0.0,0.0,0.0,0.0,0.0,0.0,0.0,0.0,0.0,0.0,0.0,0.0,0.0,0.0,0.0,0.0,1778.25
HONEYOATGRANOLA340G,0.0,0.0,0.0,0.0,0.0,4.0,4.0,3.0,1.0,3.0,3.0,2.0,0.0,1.0,2.0,2.0,1.0,3.0,8.0,0.0,0.0,0.0,0.0,0.0,0.0,0.0,0.0,0.0,0.0,0.0,0.0,0.0,0.0,0.0,0.0,0.0,1763.0
ITALIANBASIL,0.0,0.0,0.0,0.0,1.0,18.0,4.0,0.0,0.0,0.0,0.0,2.0,9.0,13.0,9.0,14.0,5.0,9.0,8.0,4.0,10.0,12.0,29.0,15.0,34.0,24.0,23.0,22.0,14.0,1.0,0.0,0.0,0.0,0.0,0.0,0.0,1754.099741
VEALLIVERCHEMICALFREEFROZEN,0.0,0.0,0.0,0.0,0.0,0.0,0.0,0.0,0.0,0.0,0.0,0.0,0.0,0.0,0.0,0.0,0.0,0.0,0.0,0.0,0.0,0.0,0.0,0.0,0.0,0.0,0.0,0.0,0.0,2.0,0.0,0.0,0.0,5.0,3.0,11.0,1746.0
CHICKENTHIGH,0.0,0.0,0.0,0.0,0.0,0.0,0.0,0.0,0.0,0.0,0.0,0.0,0.0,0.0,0.0,0.0,0.0,0.0,0.0,0.0,0.0,0.0,0.0,0.0,0.0,0.0,0.0,0.0,0.0,0.0,0.0,0.0,0.0,22.0,26.0,17.0,1745.55
RAWPERUVIANCACAOORGANIC,0.0,0.0,0.0,0.0,0.0,0.0,0.0,0.0,0.0,0.0,0.0,0.0,0.0,0.0,0.0,0.0,0.0,0.0,0.0,0.0,1.0,11.0,7.0,2.0,2.0,0.0,0.0,0.0,0.0,0.0,0.0,0.0,0.0,2.0,0.0,0.0,1700.0
SHORTGRAINBROWNRICEORGANICECOFARMED,0.0,0.0,0.0,0.0,0.0,0.0,0.0,0.0,0.0,0.0,0.0,0.0,0.0,0.0,0.0,0.0,0.0,0.0,0.0,0.0,0.0,0.0,0.0,0.0,0.0,0.0,0.0,0.0,0.0,0.0,0.0,0.0,0.0,20.0,21.0,8.0,1693.5
FUSILLIGLUTENFREE,0.0,0.0,0.0,0.0,0.0,0.0,0.0,0.0,0.0,0.0,0.0,0.0,0.0,0.0,0.0,0.0,0.0,1.0,1.0,5.0,10.0,1.0,4.0,1.0,6.0,7.0,4.0,1.0,6.0,1.0,0.0,0.0,0.0,4.0,17.0,0.0,1684.0
FRESHGINGERIMPORTED,0.0,0.0,0.0,0.0,0.0,0.0,0.0,0.0,0.0,0.0,0.0,0.0,0.0,0.0,0.0,0.0,0.0,0.0,0.0,0.0,0.0,3.0,2.0,3.0,9.0,13.0,14.0,19.0,8.0,6.0,0.0,0.0,0.0,13.0,8.0,2.0,1678.0
ALMONDMEALFLOUR,0.0,0.0,0.0,0.0,0.0,0.0,0.0,0.0,0.0,0.0,0.0,0.0,0.0,0.0,0.0,0.0,0.0,0.0,0.0,0.0,0.0,0.0,0.0,0.0,0.0,0.0,0.0,0.0,0.0,0.0,0.0,0.0,0.0,4.0,0.0,10.0,1665.6
CHOCOLATECHIPCOOKIEMIXGLUTENFREE453G,0.0,0.0,0.0,0.0,0.0,0.0,0.0,1.0,0.0,0.0,3.0,0.0,2.0,1.0,0.0,0.0,1.0,1.0,1.0,1.0,1.0,0.0,0.0,0.0,4.0,1.0,1.0,7.0,1.0,1.0,0.0,0.0,0.0,0.0,0.0,0.0,1630.2
HONEYMOONMIX,0.0,0.0,0.0,0.0,0.0,0.0,0.0,0.0,0.0,0.0,0.0,0.0,0.0,0.0,0.0,0.0,0.0,2.0,2.0,3.0,3.0,2.0,0.0,4.0,2.0,1.0,3.0,5.0,1.0,0.0,0.0,0.0,0.0,0.0,0.0,0.0,1618.5
VEALCUTLETSCHEMICALFREEFROZEN,0.0,0.0,0.0,0.0,0.0,0.0,0.0,0.0,0.0,0.0,0.0,0.0,0.0,0.0,0.0,0.0,0.0,0.0,0.0,0.0,0.0,0.0,0.0,0.0,0.0,0.0,0.0,0.0,0.0,1.0,0.0,0.0,0.0,7.0,6.0,3.0,1615.6
DRIEDPRUNEWITHPITS250G,3.0,4.0,4.0,1.0,0.0,5.0,2.0,6.0,8.0,4.0,17.0,2.0,1.0,5.0,1.0,2.0,2.0,1.0,1.0,4.0,0.0,1.0,2.0,2.0,0.0,2.0,4.0,1.0,2.0,0.0,0.0,0.0,0.0,5.0,3.0,5.0,1594.7
GREENBEANS,0.0,0.0,0.0,0.0,5.0,7.0,10.0,37.0,15.0,23.0,18.0,14.0,10.0,31.0,10.0,15.0,8.0,9.0,23.0,7.0,4.0,1.0,0.0,0.0,0.0,0.0,0.0,0.0,0.0,0.0,0.0,0.0,0.0,0.0,0.0,0.0,1588.95
STRAWBERRIES,0.0,0.0,0.0,0.0,4.0,18.0,17.0,23.0,0.0,0.0,0.0,0.0,0.0,0.0,0.0,0.0,0.0,0.0,0.0,0.0,14.0,5.0,0.0,0.0,0.0,0.0,0.0,0.0,0.0,0.0,0.0,0.0,0.0,0.0,0.0,0.0,1579.5
BALADYBREADWHOLEGRAIN,0.0,0.0,0.0,0.0,0.0,0.0,0.0,0.0,0.0,0.0,0.0,0.0,0.0,0.0,0.0,0.0,0.0,0.0,0.0,0.0,0.0,0.0,15.0,10.0,10.0,24.0,9.0,23.0,10.0,5.0,0.0,0.0,0.0,26.0,22.0,4.0,1572.8
SWEETPOTATOESCHEMICALFREE,0.0,0.0,0.0,0.0,0.0,0.0,0.0,0.0,0.0,0.0,0.0,0.0,0.0,0.0,0.0,0.0,0.0,0.0,0.0,0.0,0.0,0.0,7.0,7.0,2.0,18.0,21.0,41.0,34.0,5.0,0.0,0.0,0.0,2.0,0.0,0.0,1560.41
ALLPURPOSEBAKINGFLOURGLUTENFREE,0.0,0.0,0.0,0.0,0.0,0.0,0.0,0.0,0.0,0.0,0.0,0.0,0.0,0.0,0.0,0.0,0.0,0.0,0.0,0.0,0.0,0.0,0.0,0.0,0.0,0.0,0.0,0.0,1.0,4.0,0.0,0.0,0.0,1.0,12.0,16.0,1555.75
DRIEDTURKISHFIGS250G,0.0,0.0,0.0,0.0,3.0,5.0,14.0,7.0,9.0,0.0,13.0,4.0,0.0,0.0,0.0,3.0,11.0,0.0,2.0,1.0,8.0,3.0,1.0,5.0,2.0,6.0,2.0,4.0,3.0,1.0,0.0,0.0,0.0,5.0,5.0,6.0,1535.14
BROCCOLICHEMICALFREE,0.0,0.0,0.0,0.0,0.0,0.0,0.0,0.0,0.0,0.0,0.0,0.0,0.0,0.0,0.0,0.0,0.0,0.0,0.0,0.0,0.0,0.0,0.0,0.0,0.0,0.0,23.0,43.0,53.0,14.0,0.0,0.0,2.0,37.0,2.0,0.0,1529.0
PEARSAMERICANIMPORTED,0.0,0.0,0.0,0.0,0.0,0.0,0.0,0.0,0.0,0.0,0.0,0.0,0.0,0.0,0.0,0.0,0.0,0.0,0.0,0.0,0.0,3.0,1.0,0.0,0.0,1.0,21.0,11.0,11.0,0.0,0.0,0.0,2.0,29.0,7.0,0.0,1521.5
STEELCUTOATS,0.0,0.0,0.0,0.0,0.0,0.0,0.0,0.0,0.0,0.0,0.0,0.0,0.0,0.0,0.0,0.0,0.0,0.0,0.0,0.0,0.0,0.0,0.0,0.0,0.0,0.0,0.0,0.0,0.0,0.0,0.0,0.0,0.0,16.0,3.0,4.0,1518.0
PSYLLIUMHUSK,0.0,0.0,0.0,0.0,0.0,0.0,0.0,0.0,0.0,0.0,0.0,0.0,0.0,0.0,0.0,0.0,0.0,0.0,0.0,1.0,1.0,1.0,3.0,3.0,2.0,5.0,4.0,0.0,1.0,0.0,0.0,0.0,0.0,3.0,2.0,1.0,1511.55
OATSWITHAPPLEANDCINNAMONORGANIC,0.0,0.0,0.0,0.0,0.0,0.0,0.0,0.0,0.0,0.0,0.0,0.0,0.0,0.0,0.0,0.0,0.0,0.0,0.0,0.0,1.0,2.0,1.0,1.0,11.0,5.0,4.0,10.0,5.0,0.0,0.0,0.0,0.0,0.0,0.0,0.0,1510.4
WHITEENDIVE,0.0,0.0,0.0,0.0,16.0,4.0,3.0,4.0,6.0,2.0,4.0,2.0,2.0,4.0,5.0,4.0,2.0,3.0,3.0,0.0,0.0,0.0,0.0,0.0,0.0,0.0,0.0,0.0,0.0,0.0,0.0,0.0,0.0,0.0,0.0,0.0,1500.5
SHEEPMILKCHEESE,0.0,0.0,0.0,0.0,0.0,0.0,0.0,0.0,0.0,0.0,0.0,0.0,0.0,0.0,0.0,0.0,0.0,0.0,0.0,0.0,0.0,0.0,0.0,0.0,1.0,8.0,5.0,3.0,3.0,1.0,0.0,0.0,0.0,1.0,3.0,0.0,1500.0
7GRAINMILK946ML,0.0,0.0,0.0,0.0,1.0,4.0,1.0,8.0,12.0,1.0,3.0,0.0,1.0,9.0,4.0,2.0,0.0,0.0,0.0,0.0,0.0,0.0,0.0,0.0,0.0,0.0,0.0,0.0,0.0,0.0,0.0,0.0,0.0,0.0,0.0,0.0,1492.9
REDGRAPESSEEDLESSORGANIC,0.0,0.0,0.0,0.0,0.0,0.0,0.0,0.0,0.0,0.0,0.0,0.0,0.0,0.0,0.0,0.0,0.0,0.0,0.0,0.0,0.0,0.0,0.0,0.0,0.0,0.0,0.0,0.0,0.0,0.0,0.0,0.0,0.0,0.0,27.0,27.0,1479.15
PINKGRAPEFRUIT,0.0,0.0,0.0,0.0,3.0,12.0,15.0,18.0,26.0,12.0,10.0,0.0,0.0,0.0,0.0,1.0,2.0,9.0,14.0,7.0,19.0,16.0,0.0,0.0,0.0,0.0,0.0,0.0,0.0,0.0,0.0,0.0,0.0,0.0,0.0,0.0,1471.57
BROWNRICEEGYPTIAN,0.0,0.0,0.0,0.0,0.0,0.0,0.0,0.0,0.0,0.0,0.0,0.0,0.0,0.0,0.0,0.0,0.0,0.0,0.0,0.0,0.0,0.0,0.0,0.0,0.0,0.0,0.0,0.0,0.0,0.0,0.0,0.0,0.0,100.0,43.0,27.0,1456.1
BEEFSHANKSMOWAZ1KG,1.0,2.0,1.0,2.0,0.0,1.0,1.0,4.0,0.0,2.0,2.0,2.0,1.0,0.0,0.0,0.0,0.0,0.0,0.0,0.0,0.0,0.0,0.0,0.0,0.0,0.0,0.0,0.0,0.0,0.0,0.0,0.0,0.0,0.0,0.0,0.0,1443.24
GREENGRAPES,0.0,0.0,0.0,0.0,0.0,0.0,0.0,1.0,16.0,10.0,10.0,5.0,3.0,11.0,4.0,0.0,0.0,0.0,0.0,0.0,0.0,0.0,0.0,0.0,0.0,0.0,0.0,0.0,0.0,0.0,0.0,0.0,0.0,0.0,0.0,0.0,1421.64
FRESHGINGER,0.0,0.0,0.0,0.0,1.0,18.0,7.0,6.0,7.0,10.0,10.0,3.0,4.0,9.0,8.0,8.0,7.0,15.0,1.0,0.0,15.0,3.0,0.0,0.0,0.0,0.0,0.0,0.0,0.0,0.0,0.0,0.0,0.0,0.0,0.0,0.0,1421.12
